{
    "PlayerSystemInfo": {
        "OperatingSystem": "",
        "DeviceModel": "",
        "DeviceName": "",
        "ProcessorType": "",
        "ProcessorCount": 0,
        "GraphicsDeviceName": "",
        "SystemMemorySize": 0,
        "XrModel": "",
        "XrDevice": ""
    },
    "EditorVersion": {
        "FullVersion": "",
        "DateSeconds": 0,
        "Branch": "",
        "RevisionValue": 0
    },
    "BuildSettings": {
        "Platform": "",
        "BuildTarget": "",
        "DevelopmentPlayer": false,
        "AndroidBuildSystem": ""
    },
    "ScreenSettings": {
        "ScreenWidth": 0,
        "ScreenHeight": 0,
        "ScreenRefreshRate": 0,
        "Fullscreen": false
    },
    "QualitySettings": {
        "Vsync": 0,
        "AntiAliasing": 0,
        "ColorSpace": "",
        "AnisotropicFiltering": "",
        "BlendWeights": ""
    },
    "PlayerSettings": {
        "ScriptingBackend": "",
        "VrSupported": false,
        "MtRendering": false,
        "GraphicsJobs": false,
        "GpuSkinning": false,
        "GraphicsApi": "",
        "Batchmode": "",
        "StereoRenderingPath": "",
        "RenderThreadingMode": "",
        "AndroidMinimumSdkVersion": "",
        "AndroidTargetSdkVersion": "",
        "EnabledXrTargets": [],
        "ScriptingRuntimeVersion": ""
    },
    "TestSuite": "",
    "StartTime": 0.0,
    "EndTime": 0.0,
    "Results": []
}